cyl,disp,hp,drat,wt,qsec,vs,am,gear,carb,mpg
6,303.4828033156631,138.65369686147355,3.4536578553460324,3.57520426387432,18.199434872521845,0,0,4,2,20.7
6,285.6791061161024,152.18204504224772,3.2407565513323955,3.5899143816431405,19.72861308873673,0,0,4,2,20.7
6,282.26841107383524,106.84834194002363,3.0247033509901544,3.0337502840145447,19.44010081075959,0,0,3,1,22.3
5,207.06598334009175,127.53204961243092,3.2656564665164836,3.963350110663022,20.70551549113439,0,0,3,2,18.9
6,249.7860335428286,114.73524972594657,3.457227552680941,3.7170084190688204,18.384319640525874,0,0,4,2,20.4
6,150.9238643903161,167.24430893701924,3.8305143222507483,2.364047968878691,15.756018520444432,0,0,4,4,21.6
6,199.9582505501651,55.56500767235758,3.587199229231016,3.1087573211149766,19.9011188362918,0,0,3,1,23.3
8,260.97625699617595,162.88228281040819,2.9916365616008074,3.9671703390346607,17.90376028779546,0,0,3,3,15.2
7,376.2989047808737,191.5302663088603,3.8478517077756753,4.412235583837169,19.58105467848136,0,0,4,4,17.2
7,358.34629876937765,145.76411853148187,3.438088851858724,4.709489239685126,19.915795187087976,0,0,3,1,16.6
8,379.4799731109317,279.63573961589486,3.3004384316169806,3.9397791755557425,15.126381159656841,0,0,4,4,13.8
8,463.48875854463756,289.3413349589305,3.2052828779066127,4.5480278086121535,14.824021924882368,0,0,3,5,10.1
7,259.8142499504545,127.4895746787247,3.6458018375714927,3.0732924435313094,17.575167101860302,0,0,4,2,20.6
4,78.02928768374693,72.68839601142857,3.8569723823515845,2.242072404507048,18.82131550220913,1,1,5,2,27.2
4,86.62602259935574,52.0,3.9492566955495185,2.2799374890496917,20.42964541646957,0,0,4,1,27.9
6,231.54133416908098,52.0,3.8919906081930566,3.428547459611707,21.76083149111476,0,0,3,1,24.8
7,275.8263238429954,191.66169186627656,3.2747673929893173,3.2850459845427196,17.520757481256307,0,0,3,2,18.0
5,138.1571004256457,179.47554442530694,3.576563322051501,2.362647072235872,15.586352066515222,0,1,5,4,21.7
7,346.6000580515263,159.26989460323722,3.299605988205385,3.0815779007181052,17.628442343996873,0,0,3,1,20.2
8,381.2650615616344,242.65276004712922,3.148650561159944,4.674048068933466,15.523671953010197,0,0,4,6,10.7
6,272.8231127613322,108.49203697696956,3.9178995578430884,3.945872613345419,20.642962090902266,0,0,3,1,20.4
7,353.15928681117725,228.96146400226172,3.6447370533352728,3.7588589387435745,17.90515600205503,0,0,4,3,17.9
6,230.69392110196216,191.7407668512029,3.793097098270994,3.380623030058626,16.99320400927181,0,0,4,4,18.0
8,407.425754335758,259.2024705787525,3.0208864129738533,4.990163681984131,16.984085926735823,0,0,3,6,9.8
4,113.55435282215582,115.46232587197711,4.040005219440554,1.513,15.940684537147494,0,0,5,2,26.7
4,71.0,109.32452742463869,4.481326635440243,2.408927917237474,18.408195380549405,0,0,5,4,24.7
4,80.1460688270995,86.08418691745767,4.161473691868378,2.246286015991996,19.7840640385375,0,0,4,1,26.6
8,448.6302419433441,242.29855193244805,2.76,4.554204099209619,15.876301738311893,0,0,3,4,11.8
8,304.6380690001847,257.2504247039218,3.6880196022315808,2.3546116483040334,14.5,0,0,4,3,20.5
8,367.72451034289304,249.66458284621896,3.668268251098862,3.6078245376070788,15.55967014573535,0,0,4,5,15.9
6,252.7279784009004,103.45219557601125,3.09355813639955,4.143977972033641,20.57995444200388,0,0,3,3,18.2
4,71.0,81.65883133555447,3.5559009777248973,1.9805465363497656,19.278853096014316,1,0,5,3,26.5
7,277.02831007963124,176.70815544964836,3.1248570707700076,2.7043603374970493,16.850526008982122,0,0,4,2,20.2
8,186.82794497374354,174.71063802075594,3.3563526541392443,2.7067929431066156,15.428499176069218,0,0,3,4,17.3
6,224.219838898377,85.07729352798984,3.4933028336327214,3.4210565978940193,19.264516614320726,0,0,3,1,21.4
7,292.2033854280468,198.44980319882472,3.4556235709780645,4.053388401504284,17.610582886293987,0,0,4,4,16.3
4,157.35737420329139,86.71820863059924,3.554125181757436,2.927257744553943,20.01172686440299,0,0,3,1,23.3
6,199.7143845587761,151.77884912720705,4.026062052149049,3.3696896573021107,16.85349595580005,0,0,4,4,18.3
6,231.86931823734886,174.36637897227632,3.6124497863956972,3.5091987635899837,19.511574633869266,0,0,4,3,19.5
6,223.6261774890485,205.2527478963558,3.8533653680742534,3.347985803797305,16.69561539687044,0,0,5,5,18.2
5,188.0170820364183,73.74676175683241,3.6506083002980785,2.8999011269436483,21.042714862717542,1,0,3,1,24.4
7,294.1096104832565,216.46319090751226,3.6533495990362184,4.372165461335049,17.772780979859895,0,0,3,4,13.3
6,157.60984762916993,112.07126131826831,3.665328839141658,2.4915409706073097,18.00702472914039,0,0,4,3,22.9
5,244.5745237739655,120.15855010574245,3.4198192508380965,3.5667854546658866,19.820916815016318,0,0,4,2,21.4
6,212.7917124414232,148.34957176057844,3.857991965406471,2.5106106500863046,15.454848689102597,0,1,4,2,22.5
7,289.87557020167634,221.9086008606223,4.14091154510324,3.3969353440889103,14.5,0,1,5,6,17.8
7,397.6077650498246,220.61238596670108,3.4665090966034016,3.9023663643359248,17.242906965085893,0,0,4,2,18.6
7,280.4653639248538,205.71416726232619,3.49023602689286,3.2040353095092757,17.12822420666397,0,0,4,3,19.6
5,107.78333787152793,140.90969053663935,3.359448047749204,2.502075744681881,16.834323797757502,0,0,4,3,20.4
7,305.3884897021915,203.69418007198826,3.2864017576639495,3.836572532372822,17.729882390900897,0,0,4,4,16.0
6,179.710292595609,157.60275132314845,3.4683861644799014,3.7893054789350518,17.897933543330645,0,0,4,6,17.1
4,153.68138108395874,82.55780918409562,3.6617660707314035,3.172176149785061,20.212793278635676,0,0,4,2,23.0
7,273.37885873817675,173.90095845958996,3.2474902241473207,3.1259842096018926,16.365640176236493,0,0,4,3,19.4
4,111.65112766576281,52.0,4.099871983873051,2.0153091542826154,19.017759355776153,0,0,4,1,28.1
4,71.0,52.0,4.50296322575606,1.513,19.284230168913584,0,0,4,1,30.3
5,183.2163766064378,165.6230091599159,4.057472417551804,2.731641275892059,18.60496019459842,0,0,4,2,22.3
6,324.2803520352806,165.35127422098466,2.798341409624246,3.353276413591209,18.645039186630928,0,0,3,2,20.3
7,257.21576896728186,165.0890433940827,3.5061216512071494,3.033868577171974,16.708832852977487,0,0,4,3,19.6
6,262.8388704400046,157.67269230433985,4.062455549838502,3.6043821849950923,18.498889906594908,0,0,4,4,20.4
8,241.71741575020545,173.03143851498365,3.5562251434288954,3.3199577492005017,17.368571960257995,0,0,3,4,17.3
7,275.05672546834114,229.40942892095535,4.046815073851236,3.4870384698321897,15.912797326712854,0,0,4,4,17.5
4,71.0,52.0,4.295026124342013,1.6385523934236832,21.28795214927956,1,0,4,1,31.6
5,112.62062312896639,121.51822441881063,3.6446665013764603,3.130975075807767,18.628446910433535,0,0,4,4,20.7
4,71.0,52.0,3.8302273305439014,1.513,19.080834145778233,0,0,4,1,29.3
5,83.89854185531789,115.106426015599,4.121713174551921,1.8515236870477318,17.40912665019003,0,0,4,3,25.1
8,265.0264226613396,168.8618439866389,3.7010819230057503,2.969510541123964,16.754533655564583,0,0,3,2,18.7
6,204.90987732790515,109.93683020813774,3.5324599170494273,3.1378568511708944,17.640633936313993,0,0,3,3,20.2
4,170.99352563778413,149.76903304124858,4.12009539112173,3.060045751865448,17.373959967384344,0,1,5,3,22.5
5,135.11393371203175,183.21376118961393,4.7492037936766245,2.420843906396843,17.67240796509375,1,1,5,4,24.2
5,276.92258151612583,114.90443471802917,3.737665600878866,3.867011696709466,18.63914349298536,0,0,4,3,19.0
7,256.9990657782157,60.63387110167196,3.2057133800592905,3.4696665031925527,19.273996777173352,0,0,3,1,21.2
5,209.37406151858897,141.85885368017549,3.721482682582136,2.7208898349123087,18.505227841149523,0,0,4,2,23.4
8,369.5129928689511,229.86314006025566,2.8970035070497406,4.156798780706945,16.18756139345611,0,0,4,6,13.2
5,222.31227129081725,134.65746814970987,3.7684036588717165,3.364459309691334,19.964321725273425,1,0,4,1,21.6
8,299.9116115926092,191.9284064061682,3.4405029623212533,3.682195995435221,17.028848569073194,0,0,3,3,16.6
7,365.77572909415727,132.46319511183287,3.175603624203571,3.9372214808400883,20.599664476884335,0,0,3,1,20.3
4,141.73551237221844,52.0,3.970945211271628,2.5825151150610277,19.776776434230985,1,0,3,1,26.6
8,378.1355836037054,189.8517885305195,2.8392530791106663,4.2349656832650435,18.511903862085692,0,0,3,2,16.1
5,234.02021860305842,174.23444277004683,4.463060197143709,3.5572096052292244,18.090258741105295,0,0,4,4,20.0
6,261.56726858872105,175.35246624192047,3.753268202705969,2.750087258598705,18.00077536583736,0,0,3,2,22.4
8,313.80619881412485,185.9742057227782,3.7207828969393995,3.3070983725244587,16.576827456379483,0,0,3,3,18.1
6,204.31096272280715,145.85760112674092,3.7169312842040996,3.5041505986484895,20.149391886054765,0,0,4,4,19.9
7,314.90422242095076,188.60922202043318,3.066507372864277,2.8936552655480106,16.809845995623267,0,0,4,2,21.1
8,308.26140896945134,206.02391379281437,3.140868431449933,3.260369827951351,15.737135445692772,0,0,3,2,15.9
8,364.75792480825146,193.07793013724458,2.76,4.283046162147428,14.915369120446197,0,0,3,3,12.0
6,245.89171229876004,126.91976530849327,2.8492373718004935,2.8939776637684513,17.1686215120109,0,0,3,2,19.5
4,93.64389185653144,64.49044744960901,3.7264541491543968,1.7717925079339834,19.445096902229995,1,0,4,1,29.3
7,189.08417018710298,102.0764961857356,3.1332491705122325,3.4769189608376667,17.632284318128864,0,0,4,4,18.1
7,162.65467148619203,103.71298240494203,3.5624630115328775,2.9025235685196593,18.175136210709216,0,0,3,2,20.5
6,145.69884019899592,136.44199226135754,4.576637410178035,3.610351825194368,17.616298837449182,0,1,5,6,20.1
8,470.0296334749198,250.99771543174523,2.804459810289278,5.19372062423319,17.546258032040864,0,0,3,3,11.1
5,99.97345345955787,119.61154566608296,4.131235336985588,1.7569069476496433,18.65776614453989,0,0,4,3,26.9
8,299.5145012438549,196.0604269975455,3.349426766472176,4.392664272735046,19.122015861621357,0,0,3,4,14.5
7,289.2566648510909,167.44964976207504,3.6088691357122213,3.4169738808791195,15.585877008351947,0,0,4,3,18.5
8,380.2781008421127,184.48708655716865,2.7619510633520217,4.4781039467818715,18.113604401652168,0,0,3,2,14.6
4,71.0,52.0,3.887875508346228,1.5755495054715463,20.418410852528556,1,0,5,2,30.5
8,332.6170906218713,184.82583679120617,2.9659414881494093,4.97201792544578,19.97788155541044,0,0,3,3,13.8
5,179.11879156784232,97.66408812300766,3.651869592503121,3.334504183279237,19.537022891174868,0,0,3,1,21.3
6,215.1932458079176,70.08575878609598,3.1014650759931106,3.715988337897772,20.296188601173036,0,0,3,2,20.0
4,71.0,52.0,4.2015718837825755,2.1918548216235982,20.85856218537338,1,0,4,1,28.1
7,241.53517667473716,183.36851834990063,3.213369761414977,2.6990740858169078,17.10356043495149,0,0,4,3,20.6
7,278.9686129475118,204.45088472781583,3.5879076914585264,3.602786893940492,15.96956236495924,0,0,4,3,16.8
5,225.95645972129506,72.59787625187467,3.7682534507448655,3.0171848308389566,20.226022549567684,0,0,3,1,23.7
8,417.41973500170843,214.24930157468887,3.1912546657244665,4.802439898756075,16.20555251103635,0,0,3,5,11.3
8,400.694312254499,297.9981151327072,3.335258412424812,4.322024392044293,14.5,0,0,3,6,10.9
4,121.84995470241905,52.0,3.8649721859349846,2.2017168345202625,18.64518096253507,0,0,4,1,25.9
6,198.48108343608988,153.34700236155655,4.03539163837967,3.4803658530100923,16.97279468946175,0,0,5,4,19.7
6,174.4141262728385,141.33215543475467,3.169751911969804,2.433311136730495,16.552607106372307,0,0,4,4,22.1
5,233.3592830437872,130.55793983163326,3.636917783964197,3.6018059022880347,19.902191928369017,1,0,3,2,19.9
7,355.1696184365468,129.61203921795794,2.76,3.749995515312776,19.009224216053326,0,0,3,1,19.6
7,349.37445594263636,173.3793341544163,3.316800207229161,3.951376582020848,16.556591275751664,0,0,3,3,16.5
7,228.75077732221632,147.27440390104533,3.3603669560102616,3.175451136136498,15.682225440911877,0,0,4,3,19.2
7,270.67461243726217,208.40403904862848,3.428160266645908,3.0977106849215676,16.462115598641084,0,0,4,4,18.8
8,369.2730940656726,248.0900217545429,3.385774338703988,4.142394402488746,15.744142206628167,0,0,3,4,13.1
4,120.28081934404295,121.89726146369262,4.15449650699917,2.728025672190528,17.886955524687007,0,0,4,3,22.9
7,330.8538810597587,129.68526214384542,3.2320976616308217,4.064806120912596,19.46564945166403,0,0,3,2,18.4
5,209.20473837379888,86.51443572959062,3.731757855482499,2.9512852254279176,20.53067206698752,0,0,3,1,24.4
8,376.4921204994399,201.40360174520964,3.5511950394681553,3.3264351104552503,15.179401778859027,0,0,4,3,18.2
4,71.0,52.0,3.897452637064309,1.513,20.752257716348026,1,0,4,1,31.3
7,193.13531174145788,105.53498354953005,3.4984227983885,2.3781821634085567,16.947519692229005,0,0,3,1,22.0
5,101.59147210598852,107.17222240020209,3.9893966683187037,2.7474624080180257,19.58773766912861,0,0,5,3,25.0
5,105.1102864255481,52.0,3.8117433449652847,1.896488432822993,19.360803102923576,0,0,3,1,28.0
8,319.2942825703053,217.73804541420816,2.76,4.619299918618559,18.11499770847735,0,0,3,4,12.1
6,219.4390436640949,138.65175667686088,3.4698032860053627,3.473175836796342,18.18762530379309,0,0,4,4,19.7
8,315.94174242743196,216.76947784568821,3.2054570736849675,4.221399204356009,18.44926244767015,0,0,3,4,14.2
4,137.15440907261888,113.8353697188255,3.845116474463843,2.0189488697178897,18.570071649902545,1,0,4,1,27.0
4,71.0,111.83289131330162,4.433572922220896,1.513,17.967153627849786,0,1,5,2,28.7
7,349.0937994558317,154.7131042410758,3.1024998565498434,4.294020066184024,17.76797547354033,0,0,3,3,15.7
8,273.67940237776065,126.94578242438905,3.3803515106848616,3.268741426601288,16.08513305889939,0,0,4,3,19.0
8,400.43425887758104,227.1173265529522,3.233839024340992,3.7870487347176356,16.96169472892031,0,0,3,3,15.6
6,315.5919405374111,185.55768511460525,3.800422508466102,3.7245618335021646,17.876504535382978,0,0,4,3,18.5
8,253.24461108883236,207.2333254945282,4.419762069048305,3.314684555673801,15.716626161204802,0,0,4,6,17.0
6,298.2189636922503,150.666831254527,3.9138530156816347,3.5415269969746053,18.416827940380983,0,0,4,2,21.6
6,120.69569715213754,156.28855653136182,4.312054993054719,2.290084634570495,16.038082257490306,0,1,5,4,23.0
8,359.7358462140885,209.63411289372922,2.9943677377630786,4.310882197355186,17.135263350400926,0,0,3,4,13.3
6,263.2370244531071,202.7458054446918,3.967687899626595,3.1298998950800594,14.833280426080824,0,1,5,4,19.5
6,187.6240499483463,187.78275474592743,3.9608167312791043,2.67867930715074,15.673379971600541,0,0,5,4,21.1
7,192.9605221445391,133.50787563652472,3.3854404171391685,3.5251496481112454,20.311396163992228,0,0,3,3,19.0
8,472.0,335.0,2.76,5.383661795361274,14.859302900094177,0,0,3,6,5.6
5,156.19897804259892,117.00020356456363,4.178554971725803,2.520215763867924,19.00944515770673,0,0,4,1,25.0
4,153.3429773380402,78.70784715041525,3.845325612711523,2.5809594730763656,18.088871978507402,0,1,4,2,25.4
5,158.70324792874072,142.20933741852824,3.924804819126707,3.1506992854898526,18.490048389271752,0,0,4,4,20.7
6,185.16135181044768,96.34206298737777,3.7979519426109967,3.2864995806461916,19.34954615488853,0,0,3,1,20.8
8,384.2813356519821,273.3370060750655,3.8587493739283354,3.3359387876334887,14.5,0,0,3,4,14.6
4,71.0,52.0,4.640997513809762,1.513,20.34942099940198,1,1,5,1,32.3
8,335.9833024971109,219.9936030915266,3.1727400288721967,4.026932752211916,14.601168852802902,0,0,3,5,12.1
7,315.89528321998694,204.2555937419473,3.478465303637683,3.057436468600182,16.23353081110574,0,0,4,4,19.2
6,199.6364752064171,185.57782389895684,3.0935583448785398,3.0553571723887867,18.09392162792933,0,0,3,4,18.7
4,71.0,52.0,4.727128996864083,1.513,19.518538727324646,1,1,5,1,31.7
4,71.0,52.0,3.861150475181221,1.513,18.16618443160801,1,1,5,1,29.9
4,71.0,52.0,4.93,1.513,20.192451778816583,1,1,5,1,32.4
6,247.04684834297626,183.98717434464845,3.6871830792644307,3.9497598009643813,18.95365233638492,0,0,4,5,16.8
8,472.0,289.89235835770853,2.76,5.424,15.171866951273854,0,0,3,6,6.7
4,71.0,96.9216955286551,4.228556568137307,1.513,17.55754399963733,0,1,5,2,28.4
8,296.7951481048364,244.9950290642463,3.221298598144277,3.81500207321354,15.583227294191992,0,0,4,6,14.8
6,213.28734066619543,210.74415861244776,3.9482630494453916,3.304950031359416,17.409866308712935,0,0,4,5,17.1
8,444.9548120599376,248.86851942043097,3.276137962106878,4.019451401887635,14.5,0,0,4,3,14.3
4,79.13465308937009,126.60554829572891,4.425287882144896,2.0525407432783997,16.13841437833506,0,1,5,4,24.3
8,323.83754014416974,266.7379307511205,3.6949843577613066,3.900759374245928,14.5,0,1,5,7,14.7
8,337.16813176831636,206.70679893848884,3.770124842881578,4.082690285782142,17.051759957920197,0,0,3,4,14.4
6,255.7077782507452,166.69126971925925,3.689994688924235,3.6532386309259466,18.40587942047048,0,0,3,3,17.9
6,179.2947259846526,171.81901293427487,3.5085173775249268,2.9270013161024395,17.272256894660693,0,0,4,3,20.4
4,71.0,52.0,3.579281498727362,1.513,21.518309175203726,1,0,4,1,30.1
4,133.74618985758025,101.75067676764351,4.135610947414935,2.7226979974867005,19.940590197632645,1,0,4,2,23.5
7,284.6138413981744,164.91551142472676,3.790953507811065,3.387812426154983,16.12436598228773,0,0,4,4,19.3
7,246.61325785720084,113.61809434298786,3.55726516479829,3.437199557066682,17.814995490122072,0,0,3,2,18.7
6,278.9524122261248,155.55380950342965,3.2665847717971737,3.7282943334926166,18.818532692923874,0,0,4,1,20.1
8,439.1172676784503,244.80151380368852,3.4281718982180007,4.438334227937974,14.5,0,0,3,5,11.5
8,418.401187156416,248.50222350077195,3.1190791982577486,4.749838038273642,15.612192209888512,0,0,3,6,10.0
8,246.41239386060795,195.8033792455834,3.3962967952964704,3.2437018792341683,16.104745442343194,0,0,4,4,17.2
5,182.5830680080408,121.94348076712795,3.9673268446957457,2.5131901218862653,18.185477234366118,0,0,4,1,24.1
5,111.43437219722898,167.2684546999615,4.455358921559189,1.8999525427218027,17.304506938783657,0,0,4,3,24.8
4,71.0,52.0,4.13268835500655,1.9493132685820103,18.375365514444717,0,0,4,3,27.3
7,303.18926585975913,124.47765631222774,3.5304581914406827,3.3063520974758687,18.643398320282724,0,0,3,1,21.4
8,442.8513774800175,259.06873814132393,2.8000308049463865,4.362144362012333,15.817860886555515,0,0,3,4,12.4
6,208.37586317747162,156.91476713706047,3.4752576786835845,3.671663155458798,17.992686509436425,0,0,4,4,18.2
7,339.8657156714168,179.56236261281674,3.6859393149013955,4.507224348162053,18.528560659436607,0,0,3,4,15.8
7,186.72145833223087,131.6290834122412,4.045325714246153,2.583041489935817,15.500525125438445,0,1,4,3,22.0
4,118.05558047907921,87.49509494897097,4.2643357317710615,3.4889141310155414,22.71941136133538,1,0,4,3,23.5
5,145.6068840462232,137.75516374837628,3.317813438028304,1.8876685507840927,17.606042610019564,0,0,4,2,24.4
7,320.37710352612714,156.18725918715165,3.2954076247850774,3.9211878936888502,18.523431948654487,0,0,3,3,17.5
6,300.09248030790786,173.11485405528472,2.8817985112171547,2.8714471551884024,18.396575674558203,0,0,3,1,20.6
7,374.8805583999963,230.0514789893399,3.3680888221451184,4.307908208166086,16.949451672867944,0,0,4,4,15.1
6,194.42164544948287,166.65000223803332,4.5213988928350926,2.683346103370732,15.459413171440485,0,1,5,5,21.7
8,472.0,226.31167116883665,2.903065789969306,4.979242578822824,16.56816373301538,0,0,3,3,11.6
4,71.0,67.09157997113803,4.456670622352812,1.5679238917356815,17.392446267688563,0,1,5,4,28.6
8,413.0311857461321,209.55719131072163,2.941486666994371,4.660415623986042,14.677148101839553,0,0,3,3,11.1
6,204.82610829863808,140.56315253391648,3.4270408352525052,2.907971167790351,16.578697561548726,0,0,4,3,20.6
7,402.7401400884705,182.13729342487343,3.33870653525655,4.470479940250617,20.22123172606362,0,0,3,1,17.5
5,141.79428102199188,108.35385770357236,4.045716018027201,2.312482327203487,18.47910650882626,0,0,4,2,25.1
7,287.5559551492669,173.93827396292522,3.7355925864266837,3.6542370604330645,17.612978927133597,0,0,4,4,18.8
4,159.06899643831719,95.15915693523141,3.8339765324718638,2.656082652406041,17.820313988135382,0,0,4,1,24.5
5,144.6457710717496,115.35917414688602,4.052794923311384,2.488973900341447,15.812107572622715,0,1,5,4,23.1
7,176.48145932359222,202.43407149898434,4.092516329119423,2.0688417159504153,15.262931266341358,0,1,5,4,22.6
4,71.0,77.82703419215281,3.7144951013696,2.380754223624655,19.142252321110078,0,0,5,3,25.7
5,120.36329202255682,111.85515559391649,3.088942209663518,3.1300116131034015,20.923460423079472,1,0,3,3,20.6
7,285.3223459706361,157.66545824303725,3.2782392329358068,4.29083442151172,19.38136686302871,0,0,3,4,15.8
7,336.0974535277742,167.61656209696733,2.978276463224086,4.182737015830494,16.448956269633292,0,0,3,3,14.1
6,239.35710462199387,248.183078876837,4.349598931774472,3.0235138769082215,16.512350335743918,0,1,5,5,20.1
6,195.42067207019863,94.56903349464628,3.3842713690906825,2.7860366024793417,18.2270758733996,0,0,3,1,22.5
4,89.61886882025073,126.71063120890214,4.436663546635815,1.7848373552457368,18.48522081991369,1,0,5,2,26.5
8,318.86256339405406,171.6713885108217,3.2425503240921296,3.58345411818262,16.562654435799313,0,0,3,2,17.5
4,92.79762906031772,101.2358873860404,3.9331451426354906,2.6539773493145353,18.0428300915949,1,0,4,3,22.9
6,167.57528145606307,52.0,3.658603966794247,2.3755727835310227,17.51268785410432,0,0,3,1,25.2
8,294.15849039943583,216.96158316217245,3.3892084218259066,2.127442400134279,14.5,0,0,4,3,21.8
4,98.95669586738995,81.33362370172854,3.970757113982849,2.1607091647187833,17.8488928307227,0,1,4,2,26.2
6,277.2113454782338,149.69985198622425,3.0163024324602477,3.50574583152489,18.35513492317855,0,0,3,2,18.4
8,452.7310151801124,257.22942720610433,2.8260896338606374,5.424,17.770283478572875,0,0,3,5,9.6
6,156.98783562011135,182.73132798854436,3.7295931151882606,2.529231586270832,16.733239434939655,0,0,4,3,21.1
5,214.66364364847237,52.0,3.438240851607789,3.8258410202409725,20.924454248860435,0,0,3,1,21.2
6,157.8476886445839,89.19280181304727,3.260866724310831,2.8675441434411004,17.865109487750026,0,0,3,1,20.7
4,110.75514476978827,52.0,3.8420195810611193,2.323465050753366,19.1197150428133,0,0,4,1,26.3
7,256.95064657777755,181.49378216142884,3.7753095038737365,3.7740078174721576,17.741418260160195,0,0,4,4,16.5
7,322.7121404183198,145.0040306119251,3.362751384820679,4.892693034982953,20.89455303764129,0,0,3,2,16.2
5,87.14621189925509,167.66966843268497,4.537292570394413,1.9698016219204122,16.73890446204744,0,0,5,5,24.1
4,71.0,52.0,3.966557317848245,2.354189167881686,20.307614632906024,1,0,5,1,28.1
4,211.92955883880475,116.00735326765528,3.8449382567923758,3.879905156402729,20.471441683216746,0,0,4,2,20.6
8,357.7024831054191,216.64372980600092,3.5274036741923545,3.628453519754316,15.995707463210936,0,0,3,3,16.0
8,271.455092584377,238.31325940399424,3.2071801590810405,3.5322855998905474,14.843150191497646,0,0,4,5,15.0
8,361.8665009992816,171.3073384402658,2.76,4.5840634724735585,17.823074888969646,0,0,3,3,13.7
8,414.92828995007807,270.92201070074407,3.167822329336755,4.051628614717828,14.932282805326206,0,0,3,5,11.8
4,127.41341431634648,61.04758219730334,4.424820158756961,1.5840438383110655,16.855824791416143,0,1,5,1,29.4
7,246.27308092843003,184.76175400873134,3.5134016596223576,3.0316954388573536,14.707658589394075,0,0,5,5,18.9
7,331.85152728661694,177.49116421903733,3.160591597683749,3.525093754321057,17.17859255567302,0,0,3,2,17.7
8,326.4478125644532,238.13709835792108,3.159494323067072,4.324198205386638,16.59368417527345,0,0,3,5,11.9
5,99.52650730490546,103.06994530468884,3.6572696721599987,2.5562732816930693,16.627343289911508,0,0,4,3,21.5
8,322.4665681534291,238.15961626933,2.9886912826911844,3.973846991127666,17.714291148915866,0,0,4,4,14.6
5,176.0705846849808,66.24246533189626,3.6607835920477223,3.1956009556834473,20.95475630921396,1,0,3,1,23.0
7,200.76525232452718,153.6725900837951,2.897813868043823,3.2738844113518693,18.53275642125547,0,0,3,3,17.8
6,261.633998017421,112.98725558082566,3.6237098134049486,3.1807870209023497,18.079999447009715,0,0,3,1,21.7
7,238.64419991226728,142.30331632385474,3.4345348655183807,2.865035532137717,17.784027431748182,1,0,3,3,20.0
8,424.04121685121515,252.3448822374206,2.9089567258064237,4.6713899242201,14.64498847719954,0,0,3,5,9.6
6,211.52563849498847,167.08491009965402,4.1804383034404555,2.743469159914876,17.562042814974937,0,0,4,2,22.4
5,193.4328032510403,147.93111047313533,3.8271695122741916,2.6638189783493984,18.383203106054683,1,1,4,3,24.2
6,168.60623829028486,125.57577168006807,3.4445815763657524,3.2261681414465375,19.206608617384532,0,0,4,3,20.3
5,324.0775880283139,173.7617693906072,4.147477388820737,3.596109393967688,16.45815630083619,0,0,5,3,20.0
7,203.20829014071288,103.78240128739682,2.76,3.8974373555360233,19.263688431470765,0,0,3,1,17.4
4,76.57809196650658,71.29293405672065,3.2278561682884552,2.7145386291248905,19.438861227414456,0,0,3,2,21.8
8,356.3576043897277,239.95992911472638,3.1248552238520695,4.389648865557494,15.7567605859049,0,0,3,5,11.4
5,152.17151351506567,56.28554563625836,3.858625755879772,1.8276356130718296,18.18329345126139,0,0,4,1,28.0
4,71.0,52.0,4.064364899327738,1.7535046868450521,20.709711179147174,1,0,3,1,28.6
6,127.3785897744754,189.2143259228746,3.919990317577392,1.513,14.5,0,1,4,3,23.2
8,356.81783280739074,200.6875658291261,2.9786004252852476,4.273071379416741,17.539136455896305,0,0,3,3,14.1
5,82.23518189908052,53.55739337760366,3.5369636619756832,2.371122189410083,19.051501731938476,0,0,4,2,24.2
7,290.40726298270226,194.37954476898855,3.616161191881055,3.4505222987277544,16.54388553803843,0,0,3,4,16.2
5,213.49289401922607,152.1306598214578,3.780267602370771,2.990563145559095,19.691659878408075,1,0,3,2,21.2
8,354.5151042109355,222.98293441340172,3.118437801669243,4.181262351303648,16.697379265468932,0,0,3,5,13.6
6,217.36896450145187,132.0124709473312,4.058390614909008,2.796310410080253,17.259600616610253,0,1,4,3,23.3
5,107.8580247526763,60.872983301057474,3.050931846805798,1.5431388892804714,18.243287983935357,0,0,3,1,26.1
8,335.37982431794705,201.89365121261045,3.2153994165176125,4.060100637106796,17.0236549076259,0,0,3,3,14.4
5,74.20338662248838,184.61292878050952,4.59900232540333,1.9408363820791048,15.609188167904236,0,1,5,4,23.1
8,280.21166819427873,225.13066094327985,3.454115186514096,3.9535197649188465,16.458096174063172,0,0,4,6,14.0
7,230.36810628669372,91.78145493986679,3.6400852861799753,2.588243546719198,15.830202515376822,0,0,3,2,22.2
5,103.33756585013168,100.51374483762925,3.991710522856657,1.68668962048243,15.614071160720657,0,0,4,3,24.9
5,84.4805441945519,108.59637398860374,4.028292441943428,1.8469787291499318,18.79500416704673,0,0,4,3,26.3
7,267.6471306047833,170.1046392310211,3.2214867157600127,2.9977217985466407,17.64572915627817,0,0,4,2,20.8
4,108.17095081290817,52.0,3.6745110284578626,2.6657608525992162,20.965262595687996,1,0,3,1,24.8
6,116.2909101773438,191.29656056893754,4.297673859769777,2.3781224057623764,15.716763791489871,0,0,4,4,20.5
8,426.83118107527105,224.48468449712146,2.76,4.503685293528722,18.43385195545322,0,0,3,3,14.3
6,157.7547044038916,83.04549355800798,3.570683699023213,3.0437260381370943,20.158719831902967,0,0,3,2,22.0
6,266.0650868546077,186.85769785287724,2.9082220778559695,3.3660062804683575,19.241734832868335,1,0,3,2,18.6
8,283.6485662195829,178.31615293641877,2.76,3.761013732865082,17.720814881893176,0,0,3,3,15.7
4,76.96403235455628,52.0,3.840654094989388,2.3839104238820954,22.9,1,0,4,1,28.7
5,220.0093459918845,98.35362277252841,3.561447343257877,3.051621526286905,18.872279016126136,0,0,3,1,22.3
5,71.0,72.71401316014844,3.89017817146667,1.88320018366969,16.78758459773746,0,1,3,2,25.3
8,472.0,303.2790345621719,3.6196256354124827,5.321453423271061,16.1583807498794,0,0,3,6,8.6
4,138.51342696608765,52.0,3.5657962204978784,2.411422498890413,19.947485861857793,1,0,4,1,26.7
7,351.60541183004955,150.13270337503118,3.095287473398881,3.405119995957506,16.81692102471559,0,0,3,1,19.0
8,382.45613138172246,186.86055552537994,3.234354911826278,4.125315649668295,18.73858378538332,0,0,3,1,17.0
6,136.83725025033232,183.3180187236584,4.079737059078035,3.026376014935308,16.996540858086604,0,0,5,5,20.0
8,367.0028900594025,216.21305279837105,2.9106835954621664,4.291015428082595,17.751599609321747,0,0,3,3,14.4
6,147.16607171813064,135.70266352158768,3.174141958692796,3.2214357571030368,18.379951793812626,0,0,4,4,19.5
5,115.70737815815338,52.0,3.3162492419575673,2.3120249719075616,19.859615293346643,0,0,3,1,24.6
6,240.95026014895956,166.71018932676418,3.5397514023278087,2.7054463398387454,17.615209924019823,0,0,4,2,22.1
8,445.43868768874654,240.94531513402293,3.17115804867132,4.220542791296996,16.497563964797884,0,0,3,3,13.9
7,323.6190449198951,192.4864910399218,3.29455967869736,3.9886871190428463,17.760601658787333,0,0,4,4,16.6
4,71.0,52.0,4.927334097657001,1.513,22.172173893218787,1,1,5,1,34.1
6,221.28700406693207,195.01082332597795,3.5799366987848007,3.5422603113741786,18.392441089048788,0,0,4,3,18.2
8,385.3597643688553,184.82011190283163,2.76,4.921221056514554,16.708945061940458,0,0,3,3,11.6
7,428.436638369231,188.71040468283587,3.264149164711061,4.4213873292160555,17.946614749334017,0,0,3,3,15.5
7,343.8881459840684,161.9310722340719,3.1155675774889904,4.064415188830117,18.80710361338452,0,0,3,2,17.7
4,171.61207174889796,92.89632317450409,4.118122233596412,2.412850811973181,17.38010537491815,0,1,4,2,25.6
4,112.28619065613435,120.16075781648166,3.9995356335939056,2.953047966571371,19.187434215320735,1,0,4,4,21.9
6,150.6324345242742,122.04885588018601,3.552761652603318,3.1190501066525136,19.147072898712572,0,0,3,3,19.6
4,92.25185194848964,52.0,3.7148379220307333,3.1771844765855217,21.857836823054125,1,0,3,2,22.9
7,280.5142971247256,170.3823693110525,3.588971291898701,4.147609151525489,17.72358093720223,0,0,3,4,15.5
8,362.73895517002234,239.98814070753906,3.100418946256178,5.152669670973399,17.724826221237382,0,0,3,5,10.1
6,229.21196196950197,129.550261474293,3.3386601911008906,3.1093116135380994,20.118937675518012,0,0,4,2,22.0
4,71.0,58.27214026275426,4.93,1.513,19.01782460411261,1,1,5,2,31.1
8,472.0,254.2953372290088,2.76,5.424,16.788037104905836,0,0,3,4,9.2
4,71.0,111.50489624814205,4.226201936007633,1.513,18.567190748834477,1,1,5,2,29.1
6,219.3986980789802,136.7211233781026,3.3892187513692713,3.356261700443562,18.592509605249713,0,0,4,3,20.4
4,133.74985339821615,97.98728315878185,4.842490423172114,2.054140699144112,17.405083181025976,1,1,5,2,27.7
8,337.4085488213192,159.05293637806912,3.0868317495380424,3.6726687667482576,15.514315071260096,0,0,3,3,15.4
8,380.8274248972524,242.39662795090186,3.2395510732848907,3.890217592920634,14.5,0,0,4,5,14.1
4,71.0,67.75357923351531,4.045429135535851,2.567535814290871,19.36363880161198,1,1,4,3,25.8
6,270.65209884523586,151.09474630420937,3.7052353819020762,3.5773719451338803,17.968090258569262,0,0,3,3,18.7
4,160.84842557995398,99.66455034907678,4.576113295712875,3.2523512178551512,18.343676846271176,0,0,5,3,23.4
5,71.0,100.74269312548194,4.300468382508786,1.513,17.444298633757967,0,0,4,2,27.6
5,209.07608190735098,69.44862549141533,3.7841930228375626,2.9766777840136736,19.092952092117642,0,0,3,1,22.7
6,395.88209661670345,191.24239278478177,3.7817131366741266,4.173412593383043,17.131675700067774,0,0,4,3,17.0
5,103.90143652316516,99.73629215358363,3.2043133018140892,3.2133232537221614,18.605812441272537,0,0,5,3,21.5
6,326.88190499458574,141.83145186362586,3.257385053871024,3.731726873464474,19.960096199164234,0,0,3,1,20.1
7,204.0079865747084,106.6035495166741,3.594706727442424,4.359101352750262,20.794549670869927,0,0,3,3,17.2
7,313.48175853898533,176.73033218847996,3.556433153093773,3.6907317021803077,17.985017042413332,0,0,3,2,17.7
5,233.5652953388934,114.22917299883112,3.7249198004385473,3.452708239017314,19.448686146367223,0,0,3,1,20.4
7,406.0926481787158,136.53028284193377,2.844511778479677,4.951371956916363,19.791241541910107,0,0,3,2,15.7
5,128.36629189146447,108.98907906300494,3.551056000760568,1.5945281898528518,17.74289087363056,0,0,4,1,27.5
4,81.6731667885874,92.60968625671977,4.864439562935468,1.8370542413890272,17.264500879570708,0,1,4,3,26.8
8,452.18991693888466,288.1766542498467,2.910226583526506,4.675046329396515,14.624829731026754,0,0,3,6,9.0
8,361.8188349104614,314.8932685038833,3.3532210106262554,4.404009337912011,14.5,0,0,4,7,8.9
4,71.0,52.0,4.384623889400148,1.6860904568760766,20.067154415078697,1,0,3,1,29.3
4,71.0,52.0,3.9220262748993293,1.9817165006961812,22.856431032924124,1,0,4,1,29.9
5,191.25442508321635,133.5813194517638,3.9250712781083448,3.54813735034351,18.38802229204852,0,0,5,5,20.5
7,247.54075220283477,153.7115232263984,3.554252106707072,3.629019853428061,17.67074598039855,0,0,3,3,18.0
7,269.52201666225983,172.11285086371944,3.3100493341779678,3.266444098971548,17.896428019446866,0,0,4,3,19.6
7,335.2134820841385,213.94317447709562,3.178444400259613,4.532773728735029,18.292281742857934,0,0,3,4,13.4
4,115.19129698016711,92.83386804014413,4.620455337472003,2.406955535923749,17.96669682225387,0,1,5,3,26.3
5,177.1952147865175,105.65582577865793,3.9903283651356762,2.3948527249333935,18.76612455200645,0,0,4,2,25.1
4,71.0,90.51186692765683,4.583889105163345,1.513,17.39297470946166,0,1,4,2,28.1
7,292.4719250583455,115.2947707073779,2.76,3.8286878259791615,19.370118450276287,0,0,3,1,18.7
6,239.23850822661498,148.2359429866252,3.8540089715596237,3.1148008834436443,18.71203371443451,0,0,5,3,23.7
8,362.04820015416027,179.4426002046679,3.286700630846496,3.6151133652191976,16.75981714973466,0,0,3,3,17.2
4,71.0,82.57820830867405,4.483542390370324,1.513,18.126711928586626,1,1,5,1,29.7
5,168.66428130329479,93.27426101925215,3.2754670337273217,3.0848365769172004,18.895722487573536,0,0,4,3,21.2
8,369.95438261660684,199.88831121498782,3.2570689935703183,4.476059828119003,18.666016276372137,0,0,3,4,14.6
5,254.98465168048114,142.53731201941872,3.4425944486925912,2.748277264403174,17.600235608510268,0,1,4,1,24.2
8,396.48822644617144,217.58341215237976,2.776522995776042,4.525349999962955,15.830648021917085,0,0,3,3,11.8
4,99.76885663581729,58.99251954830868,3.7393351709041216,2.0820963356884508,21.800519165637812,1,0,3,1,27.6
4,82.05448928610622,52.0,3.74345424896711,2.2542268986212104,20.725075813415664,1,0,3,1,26.5
5,107.34205184780912,105.94738448680374,3.5969587069640676,2.935373452789118,18.912846412385125,0,0,4,3,22.7
4,133.84894120257405,76.87601581905422,4.527529704093902,2.2978501014400425,18.113327731142682,0,0,5,2,26.5
7,255.52258282984255,140.89263488480915,3.888262134195632,3.175545428403689,16.21625922047975,0,0,4,3,20.3
8,443.93602458728895,298.8256120476268,3.1501258485576793,4.941936415020237,15.654895871823328,0,0,3,5,8.9
5,105.95545094744409,113.43985233505543,3.6976568821987152,2.7946796577740867,19.64084513272931,1,0,4,3,22.1
4,71.0,52.0,4.024437586417546,1.8133262634722702,20.941078997154325,1,0,4,1,30.0
7,320.108319570994,239.31107617023937,3.125352575691088,3.7803382240340895,17.171033462020755,0,0,3,4,15.3
6,126.4924341240762,222.5808367293521,3.935131821086637,2.084058361411513,14.977815975187772,0,1,5,5,21.1
8,370.1729893989527,241.63610402712553,3.6143123758819433,4.28992533042618,14.96770530393864,0,0,3,5,12.4
6,303.5110626860791,124.28212881041826,4.103440969587965,2.824780525301236,16.853977203018918,0,1,4,2,24.4
4,89.55659657413057,123.4653961235772,3.899195914128036,2.9016513874690553,19.747782149814,1,0,4,3,21.9
8,342.7431583954506,237.56284186956137,3.402962589472408,3.3899207004862313,14.5,0,0,4,5,16.5
6,183.21685122375663,203.9682003184389,4.3331707071994385,2.6827823158222373,15.660923272438222,0,0,4,5,20.3
5,71.0,112.66570721574523,4.572670634356306,2.0431761123731746,19.455478589967857,0,0,4,2,26.9
4,157.2595167908674,104.06195458190763,4.081823165203914,3.310650639937365,19.325076159111926,0,0,5,4,23.1
7,394.53511357787977,248.51227130278596,3.7213752750356432,5.084294236364414,16.886373807719778,0,0,4,7,12.3
8,381.81908321539515,205.92212044427671,3.1717697251889683,4.319507488223765,17.01792256057988,0,0,3,4,14.4
8,289.7985905105106,224.1765184943922,4.007867653925445,3.2749553744283557,14.5,0,0,4,4,16.8
4,161.66587659060545,57.50784392952119,4.142525829015129,2.658021344559409,18.936233235719474,0,0,4,1,26.6
6,126.286739379112,142.98647367532843,4.1411493310954,3.226323623958675,17.4510399529031,0,0,4,6,18.6
5,174.9201168362933,140.66140110929882,4.345919671286104,2.952480446745049,17.483954505091123,0,0,5,3,23.1
5,98.33365788441637,116.84941626849664,3.945586492526504,2.4353097675584636,17.753677495483956,0,0,4,2,23.0
5,287.836906911636,115.67220787391045,3.465924196289618,2.9348167058171044,19.318748179739217,0,0,3,1,22.7
5,177.2432510869907,52.0,2.838479386320934,2.7696490407231433,21.539630698920753,0,0,3,1,24.7
5,121.12918322401504,52.0,4.306894997957585,2.4094100139037997,19.166541774009207,0,0,4,2,26.1
7,208.94869868512242,225.862370975451,4.08543212988383,3.363799026063043,19.826282942721374,0,0,5,5,20.5
6,234.14439263034294,151.3255916797758,3.9398896686498994,3.4460736973705854,17.68765952172249,0,0,4,3,19.4
4,71.0,52.0,3.906061724194097,1.513,21.200448853602563,1,0,4,1,31.1
8,379.10239400982135,139.49748685320156,2.8290813657349765,4.487340788778789,16.501181741479456,0,0,3,2,14.2
7,209.958035186181,175.03364882971445,4.0581837824852816,3.086882200234692,17.21858249392516,0,0,4,4,19.1
8,354.2527692351489,161.8931844804964,3.2749421559619276,3.4943413115262345,16.967575290372103,0,0,3,1,18.0
5,158.30015046662572,103.89346503776343,3.406671954842229,3.1354834053306027,18.615810528707783,1,0,3,2,20.2
6,214.35939758410842,203.06996155464242,3.694988807543254,3.524220245425945,15.793268346970198,0,0,4,6,15.6
7,252.2536139188754,160.0824778107747,3.1003760132029274,3.8520269967894896,18.380748249001087,1,0,3,5,16.0
7,294.5033754790395,155.99737303977412,3.6041149639812433,4.283529722034206,17.208355830872293,0,0,4,5,15.5
8,472.0,286.00448590372156,2.9683577998813355,5.424,15.34604819951326,0,0,3,6,7.1
8,367.2847359982028,250.1603948880143,3.6600036567365106,3.5223541152169577,14.5,0,0,4,6,16.2
5,166.40829901612733,122.00496972276204,3.995345402826572,2.8742303070531965,17.946341125898797,0,1,4,2,23.5
5,164.64613094080443,107.93754095973534,3.8325208284773304,2.6394989424132778,20.115991289939068,0,0,4,1,25.4
8,318.29195811114926,184.66574859955043,2.76,3.6018739559104236,17.222181748938862,0,0,3,3,16.1
6,249.41091742206274,187.5270332947257,3.8097766277120293,3.3864098482343854,16.545457559136633,0,0,5,4,19.8
6,207.63568292418543,123.79615046755029,3.973021231882607,2.3382435007002096,17.0014996637565,0,0,4,2,24.9
4,104.11954053873437,110.30936326914407,4.298712284154856,3.0871190084701174,20.528576480357092,1,0,4,3,23.9
4,71.0,120.06229942921246,4.299346403862883,2.396943369154398,18.807820566239297,1,0,4,4,23.7
4,71.0,52.0,4.475324646774513,1.513,19.888832582877058,1,0,4,1,31.0
5,174.97805288097726,126.3047105939192,4.298546333947496,2.9325175702722635,18.52671340978085,0,0,4,3,22.3
7,356.1584629963317,183.39910473021126,3.1898716534042992,3.4420130578690125,16.57829161000158,0,0,3,2,17.3
6,71.0,97.39095768892675,3.8137691178730226,1.8967354894500807,16.62808936661063,0,0,4,4,23.9
7,205.15827749366596,115.67748445871709,3.454907583657949,3.217235575412469,18.47853891668747,0,0,3,3,19.2
7,287.65038922213193,216.73205359444958,3.6063678421839493,3.9115027521375327,17.089667770887527,0,0,3,3,14.6
6,203.91240669039234,138.89635332367897,3.6475709372825906,3.3190503289279123,17.002572602278914,0,0,4,4,19.0
8,397.948827483144,270.3102963480711,3.255902269895902,4.137959897934702,15.304868379977375,0,0,4,6,13.0
8,271.78470265144426,211.2247496351092,3.3229213692910804,2.9026210044581156,17.34233344387389,0,0,3,3,18.1
6,144.06513770906042,96.97032922964837,3.553581963155841,2.658170651089092,18.82421444877184,0,0,4,2,24.4
4,124.72433089293848,56.66150585082994,4.257430911117331,2.8937784497709353,20.89939426018665,1,0,4,1,26.5
7,325.1251980109038,214.557674513768,3.813241918561652,3.558148319423932,16.04439784704982,0,0,4,4,17.0
4,71.0,52.0,4.871719354174907,1.513,19.53062959606963,1,0,4,1,31.0
4,71.0,52.0,3.6693025392825747,2.2100577564060844,20.576269826941264,1,0,4,1,27.2
8,368.9463242700855,184.36158793992152,2.8979711237011063,4.1938753156358946,17.42150621050786,0,0,3,2,15.0
4,157.53787361031854,52.92787822651103,4.023879918123949,2.7300194515096536,20.22769754777989,0,0,4,1,26.0
7,351.3174578639777,152.1129743683676,3.1067846889385096,3.302170769927059,18.22397631698482,0,0,3,1,20.2
7,252.8642522712445,222.64656376562806,3.150546855005933,3.3422831741805012,16.26920880287281,0,0,4,4,15.9
6,269.2482621229501,118.03236041920175,3.849389941440953,3.201873787852248,18.69111769573209,0,0,3,1,22.3
4,104.37619950876874,52.0,4.455379447001707,2.254945598270939,18.183511210868524,0,0,4,1,26.8
8,385.4462909585274,177.28558087167184,3.575801730510385,4.307859496510269,18.098579099646273,0,0,3,2,16.3
4,71.0,84.12836726516667,4.304317045836081,1.5500308419216906,19.937649126446313,1,0,5,1,30.2
8,419.85524466680846,315.24016341727963,3.1929376193852907,5.121688984924501,15.611867667185273,0,0,4,8,8.3
7,347.0482171002713,195.49804703955462,3.6396104587202585,3.9065434917324566,17.9304467520566,0,0,3,2,16.7
7,395.53559719655414,251.50530213358985,3.7083476219881737,3.4553363093078597,15.327028466728965,0,0,4,5,17.2
7,247.3894903734087,109.69129890969151,3.0296955030065957,3.6097503161058615,19.441086441752606,0,0,3,1,19.5
4,71.0,76.11529974919785,3.5592981321979336,2.2675176741034453,19.18388770728947,0,0,4,3,25.7
6,331.75039962190584,175.07752549267184,3.347698535160936,3.24279429613142,18.34868673187624,0,0,3,2,19.9
5,182.33908836734926,149.45623481170418,4.386480765195344,2.5198791278718025,16.938808970659238,0,0,5,3,23.5
8,382.7085815263323,232.60485352659975,2.7872877433132732,3.7786479374767046,16.157274610789994,0,0,3,4,14.2
5,130.28187591912092,170.12629789468335,3.6641556028611713,2.826354980652762,18.514318418368227,0,0,4,4,20.1
6,141.29420086970188,114.86428692000453,3.364042207741053,3.383598073385795,20.16289509696895,0,0,3,4,19.1
8,448.7089632640992,223.66731138433704,3.876348750598815,5.294576733548265,16.929666182990964,0,0,4,4,12.1
4,71.0,126.35684313272898,4.3082822822348055,2.3449348355904567,17.174290438253674,0,0,5,4,23.2
4,71.0,63.84467132205614,4.849363513037207,1.7152318620433187,20.366878034305884,1,0,4,2,29.1
8,419.1290859251557,176.27214813912138,2.859448015351222,4.730655065438418,19.43554086468232,0,0,3,2,15.4
5,113.54871770825075,119.99450956270846,3.8484353369807742,2.2760506280462525,17.7055015545282,0,0,4,2,23.2
6,131.62238009642306,169.73739228475986,3.576867301302947,3.1724598806936606,17.26678162116216,0,0,4,5,17.8
8,391.05592446312556,247.86906666598318,3.222283798561427,5.150999413966014,18.021883794254695,0,0,4,6,11.0
8,439.65872758528155,264.30309412285203,2.76,4.642456773057288,17.36265811376869,0,0,4,4,13.5
5,99.68715062553952,95.0864080700978,3.8717576973130434,2.3981723051213497,18.872077354039867,1,0,5,3,24.6
8,417.38210685474456,235.5001516341581,3.2492965783531265,4.65829011426186,18.502174408102118,0,0,3,3,13.8
5,166.06892267593958,139.23297758310255,3.619693223579741,2.5339065379081767,18.934431269331373,0,0,4,2,23.6
6,299.52246202962687,215.09007391366282,3.8869964945851216,3.5021255647812777,17.602460807223512,0,0,4,3,20.2
8,347.2721314636693,204.31746525706788,2.90060438145396,4.667158203180533,18.50006223849701,0,0,3,4,13.0
8,376.0257438783444,176.6028618951134,2.76,4.704519856543474,18.16012804465198,0,0,3,2,13.8
6,155.84746723903294,146.6824519106241,3.3351537684138814,2.754653884816575,18.71797015635308,0,0,4,3,21.1
4,225.96733981703815,125.35020554160275,4.194617217575321,2.867442643828561,18.54134637893013,0,1,4,2,25.0
7,328.1221859179213,178.4976084934276,3.270190305068654,3.8069623644266777,17.047575640523842,0,0,4,4,18.2
8,328.6046983592978,224.24868211431198,3.1203871886404175,4.021268253485347,15.772972731058456,0,0,4,5,13.1
4,71.0,63.16391981274478,4.692304956997533,1.9149891787353377,18.837332170691163,1,1,5,2,29.2
7,329.97053760748685,205.45650674636136,3.3574063548083117,3.56106038124772,14.861276031779731,0,0,3,4,15.3
5,71.0,129.68476832969313,3.908208254930629,1.9594980436222957,17.129670872921142,0,1,5,4,25.0
6,154.17744167920546,123.7377520368702,4.200166089009357,3.1118320038603087,18.636761185464604,0,0,4,4,21.3
8,320.79592135637404,133.59834663481317,2.818372735759289,4.513571755641868,19.077070008660446,0,0,3,3,15.4
6,275.847978966142,155.60444803008681,3.0552860332382643,3.31324245815064,18.811692730677954,0,0,3,1,19.5
6,275.9223323517512,162.6870366514617,3.3975058957188167,3.895689825870489,17.02166886146151,0,0,4,4,16.9
8,472.0,288.49544180829093,2.76,5.2884800270131755,16.76118029517629,0,0,3,5,8.8
7,238.709340337187,145.19637457253108,3.7011868848209364,2.8835531923164224,16.41147847430389,0,0,4,4,20.9
6,174.0109397111251,190.83971952245076,4.178449817764085,2.1075505796115115,14.5,0,1,5,4,22.2
6,294.57944455965537,142.0356644512739,4.0075782673023275,4.662107249322029,19.438671530907925,0,0,3,3,15.9
5,151.2352051260611,89.51059897423906,3.3589083763200143,2.2167299025109903,18.22876963406545,0,0,4,2,24.7
5,152.83837193637112,87.94689457970307,3.209634814060131,3.1793475429570974,20.086034504199226,0,0,3,2,20.9
4,86.2799211694969,65.45943183984681,3.8980878650102735,2.0811085687337356,19.74172810972005,1,1,4,1,28.4
7,408.3584790979861,178.5063501241745,2.8435101074681484,4.7761868334258875,18.776770537975587,0,0,3,3,14.5
5,179.70417246813724,102.10923690170078,3.7286735705860456,3.043389640339732,19.882229383930454,0,0,3,1,24.4
8,382.48582220260516,215.81116540621994,2.9851382283550887,4.691340957378035,18.10248054946469,0,0,3,4,12.8
7,295.67563838201784,96.23245362535286,2.8819725228581907,3.7907121613737282,20.440232869696615,0,0,3,1,20.4
8,423.20865047192785,213.08383636650063,3.2216139148472718,4.376644303722541,14.971714544783877,0,0,3,5,12.0
8,472.0,303.95242103269504,2.97558298996049,5.424,14.5,0,0,3,6,6.1
6,199.6710610464185,126.68233833998828,3.490491455456079,3.794854918988725,19.11549253316423,0,0,3,3,17.5
4,71.0,52.0,4.746655883991167,1.513,17.95984635181326,0,1,5,3,30.0
7,335.1439440999951,213.98162209975698,3.148848503951495,4.618519856647324,19.33161191087198,0,0,3,3,14.1
4,71.0,73.43832680155381,3.592093131704548,1.513,19.895731032280793,1,0,5,2,30.2
8,295.8488348942048,147.36604693692811,2.76,4.3065158181940975,17.944458159470607,0,0,3,3,14.5
6,280.1762891055621,67.83382650691651,2.76,2.470616161260293,20.0419924140223,0,0,3,1,25.3
8,415.3499305627803,266.14796142662453,3.1871989343056537,5.11394549494732,16.27432990736968,0,0,3,6,9.3
8,409.5470745335251,231.49989942404244,2.8981724583340807,4.862083200241505,17.98411090773981,0,0,3,4,12.1
4,243.27893903302325,108.52466037501085,3.7338676431081943,2.998544246684726,19.682351227313365,1,0,3,1,23.1
8,338.4450377172852,232.60977389594996,4.116141093067492,3.8257259405733994,14.924069398482832,0,0,4,4,15.7
8,339.98913235412317,279.20339681666235,3.7229823495148073,3.8130282903134005,15.523357141872065,0,0,4,5,14.0
6,229.7219609029846,128.66897834094533,4.068207900177391,3.330928739441135,18.73137027878013,0,0,4,3,21.1
6,286.9754227182363,177.7614653616468,2.8354195260892627,4.380150469897016,19.97017788278494,0,0,4,2,16.9
8,391.20227164081416,290.9759511920935,2.835780185052629,4.087697007048162,14.5,0,0,3,7,10.5
5,201.74553478893358,52.0,3.449003813944371,2.851633028760855,19.506110517460566,0,0,3,1,23.4
7,263.67407698045923,191.4334202145069,3.5107901087597995,3.182773920194683,15.080881787871217,0,0,3,4,16.5
7,355.7289971756566,219.35789035435732,3.979113962882485,3.620580059133895,16.73106682927104,0,0,4,3,19.0
4,71.0,126.558308174078,4.028872728820696,2.240643008981303,18.26708385215852,0,0,5,2,25.6
8,302.4040058786353,188.05238316884518,2.76,3.624734797770519,18.117486662282705,0,0,3,3,16.4
6,314.5756811513579,159.82624728659826,3.3012241708946974,3.786971875694104,17.788423898276548,0,0,3,2,18.3
7,210.46370780592935,165.86197344514014,3.5628787150480505,2.6986661559071337,17.003369607857827,0,0,4,3,22.1
5,85.81806155784321,141.18519231112217,3.6484128446897106,1.513,17.883975988929592,0,1,5,2,27.4
7,216.65288673690708,108.35952320688125,3.092212912481707,2.9521382820740207,18.378698386559236,0,0,3,1,20.9
4,108.80619469471843,118.96435883515198,4.06261133614525,2.4223690183072986,18.340818900003143,1,0,4,2,23.8
5,230.37800573582825,147.80708799930642,3.370675881192795,3.84518830517787,18.8001763521922,0,0,4,2,18.4
7,278.92739716731336,120.17508191287803,3.7098294089070265,3.9226626052949167,18.30472155167906,0,0,4,2,19.8
4,108.41295144384718,151.95408280346714,4.246520188102811,2.596482656999643,18.623441153435397,1,0,5,4,23.3
4,171.92229438681284,66.28370931452969,3.781886549616854,3.2908228042958174,19.59358814192494,0,0,3,2,21.9
4,80.50666852958605,61.299759908202674,3.8466366232154146,1.8704015337176387,18.72222192016627,1,0,4,1,28.2
5,80.74371390037314,163.8955914007916,4.316777834912614,2.2436056711969052,16.292046755397,0,1,5,5,22.6
6,204.46742897421217,149.7147739607852,4.220877477408374,3.2788580696081766,19.360588057982984,0,0,4,3,21.6
7,289.02192451150614,176.17536293411413,3.4064769321172568,3.7786955346251707,19.34054174183228,0,0,3,3,17.6
8,312.3724532031742,241.21038506622546,3.441643670967296,3.889134567690678,15.35277101963376,0,0,4,6,14.3
5,167.1405559551147,145.42929192763566,3.9750833607614666,3.510682691177511,19.64727965752286,0,0,4,5,19.9
5,238.54602519152698,159.89942151102193,4.09908157863323,2.285192435074386,15.469647709700824,0,1,5,3,24.2
6,165.43686263747526,185.54269858371225,4.664993344703954,2.084695846616542,15.35166214196884,0,1,5,4,23.4
8,456.84347191991026,225.87870864464423,3.520055395820261,4.171615365342882,15.901302066422508,0,0,3,2,14.8
5,222.00252336149475,99.67514299006092,3.214344155078363,3.4786257653961035,16.31385726356251,0,0,4,3,19.5
7,282.65509453994355,194.81030988819452,3.7734550996596017,3.0692868166108624,15.102059548047759,0,0,4,4,18.7
5,169.26616744080684,76.01029938666957,3.224723843555982,2.8117476262907295,21.57849588880304,0,0,3,1,24.5
5,150.33383162519425,74.39425490736386,4.3219344949275875,3.052104164113731,16.76800512242894,0,1,4,4,22.3
5,176.16951454910463,88.83773495910864,3.7808520953501255,2.127885479722068,17.899203749479163,0,0,3,1,25.4
8,317.9647373795426,260.99976237320095,3.3514959579709496,4.559784280368264,15.174411606776935,0,0,4,7,10.9
4,87.38344348830626,122.84431058226873,4.490083343971038,1.9195461287437319,16.844070402067846,0,1,5,3,26.1
5,87.35087148659366,100.56653365139695,4.003453064313611,2.3016424796031734,18.822536211407506,0,0,4,3,24.2
8,423.54076729006056,203.427728152371,2.815942370069644,4.931253984213138,17.85925661860097,0,0,4,3,14.1
7,275.2387040591622,115.7162058204857,3.1819696486382507,3.6306705261229073,19.780954509848808,0,0,3,1,20.0
8,399.67521294533753,248.92112174664032,3.5070855371384706,4.463511652787407,16.5259594349078,0,0,3,6,12.2
4,71.0,52.0,4.407402647364839,1.513,19.84267927670589,0,1,4,1,31.1
8,440.2947296694434,218.26190357213994,2.76,4.94534683603047,17.94061052650695,0,0,3,3,12.6
8,472.0,275.244183738517,2.76,5.424,15.647574777720527,0,0,3,5,7.6
7,247.245132613604,195.9420709805948,4.220380058471138,2.801401325803152,16.38583041244675,0,0,4,3,21.7
5,117.29586051181826,69.24561438918742,3.656137408545026,2.218757523456124,17.947323457624332,0,0,4,2,25.3
8,418.56538258513365,199.75682074933715,2.76,4.639621436744635,17.331224800818433,0,0,3,2,13.5
5,71.0,57.01714092894471,3.8891449703637253,1.8701752446935986,18.604046931217134,0,1,4,1,27.9
7,368.1135955391374,153.732018663011,3.018974867899794,4.318199127836091,18.5791222034244,0,0,3,2,16.4
